lambda,train_error,l2_norm_sq,val_error
1.000000000000000048e-04,1.015183179712664059e+04,1.032643706855767229e+00,2.192605644320587089e+03
1.477377652598511188e-04,1.015183179712665333e+04,1.032643603597409143e+00,2.192605649034815087e+03
2.182644728397487152e-04,1.015183179712667334e+04,1.032643451044625849e+00,2.192605655999561804e+03
3.224590545296394679e-04,1.015183179712671881e+04,1.032643225669695353e+00,2.192605666289020974e+03
4.763938010401340493e-04,1.015183179712681886e+04,1.032642892701836068e+00,2.192605681490584175e+03
7.038135554931554535e-04,1.015183179712702986e+04,1.032642400785914738e+00,2.192605703948984683e+03
1.039798418481489893e-03,1.015183179712750280e+04,1.032641674039461055e+00,2.192605737128571036e+03
1.536174946671828127e-03,1.015183179712852871e+04,1.032640600362821015e+00,2.192605786147333220e+03
2.269510536694668498e-03,1.015183179713077152e+04,1.032639014139070444e+00,2.192605858566701954e+03
3.352924149249556472e-03,1.015183179713566096e+04,1.032636670695181280e+00,2.192605965557431318e+03
4.953535208959169642e-03,1.015183179714634025e+04,1.032633208559167626e+00,2.192606123623592794e+03
7.318242219076173845e-03,1.015183179716964696e+04,1.032628093712232076e+00,2.192606357147526978e+03
1.081180751076607841e-02,1.015183179722051864e+04,1.032620537219446355e+00,2.192606702152195794e+03
1.597312280060253845e-02,1.015183179733154429e+04,1.032609373591824475e+00,2.192607211857404309e+03
2.359833466782193870e-02,1.015183179757387734e+04,1.032592881043440824e+00,2.192607964891228676e+03
3.486365227678084322e-02,1.015183179810278489e+04,1.032568516087987831e+00,2.192609077421640905e+03
5.150678076168122010e-02,1.015183179925715740e+04,1.032532521506297485e+00,2.192610721081879547e+03
7.609496685459875287e-02,1.015183180177658323e+04,1.032479347548636683e+00,2.192613149459803026e+03
1.124210035062086221e-01,1.015183180727509352e+04,1.032400797454447794e+00,2.192616737246365119e+03
1.660882782627715049e-01,1.015183181927477381e+04,1.032284766593869696e+00,2.192622038100456848e+03
2.453751106639816826e-01,1.015183184546062512e+04,1.032113382935734069e+00,2.192629870202138136e+03
3.625117049988531570e-01,1.015183190259827825e+04,1.031860266873502407e+00,2.192641442783512048e+03
5.355666917706896069e-01,1.015183202725547562e+04,1.031486498479749825e+00,2.192658543363116678e+03
7.912342618981318410e-01,1.015183229916387427e+04,1.030934693138145342e+00,2.192683815010027502e+03
1.168951816498577712e+00,1.015183289208291899e+04,1.030120322270244637e+00,2.192721167371493721e+03
1.726983290659432457e+00,1.015183418441051072e+04,1.028919049803303398e+00,2.192776386926776922e+03
2.551406520031287428e+00,1.015183699929940849e+04,1.027148368098825371e+00,2.192858044990266535e+03
3.769390975388363429e+00,1.015184312490047705e+04,1.024541175186985287e+00,2.192978870388372343e+03
5.568813990945266745e+00,1.015185643443057597e+04,1.020708563810899250e+00,2.193157707375644804e+03
8.227241341700457511e+00,1.015188529296318848e+04,1.015087749178829268e+00,2.193422681277081665e+03
1.215474250076285934e+01,1.015194767086176034e+04,1.006872982464366739e+00,2.193815745596829402e+03
1.795714494371640768e+01,1.015208188596412583e+04,9.949282075406390424e-01,2.194399721666166442e+03
2.652948464431894493e+01,1.015236874839475786e+04,9.776887323358457449e-01,2.195268955550101509e+03
3.919406774847212915e+01,1.015297596130875172e+04,9.530760183573770972e-01,2.196565307547110478e+03
5.790443980602483265e+01,1.015424349044124938e+04,9.184833082362259260e-01,2.198501338035673143e+03
8.554672535565684655e+01,1.015683753773854551e+04,8.709430085060404503e-01,2.201391266522930891e+03
1.263848202934297120e+02,1.016200168273502095e+04,8.076465427371316563e-01,2.205685207768241071e+03
1.867181091291916744e+02,1.017190307629104791e+04,7.269887527756415668e-01,2.211990132982728028e+03
2.758531617629181483e+02,1.018997477396177055e+04,6.301110792381278136e-01,2.221044257259549795e+03
4.075392965871777733e+02,1.022100060753905564e+04,5.223780880869165477e-01,2.233612663141181656e+03
6.020894493336124924e+02,1.027065595742996629e+04,4.135260640481859817e-01,2.250340868826823680e+03
8.895134973108217764e+02,1.034468827507639253e+04,3.152520094794230010e-01,2.271762032744235057e+03
1.314147362611755398e+03,1.044898235858537919e+04,2.366999640333546928e-01,2.298777930832608035e+03
1.941491945743881615e+03,1.059239037134813589e+04,1.806517866728563071e-01,2.333778877924030439e+03
2.868316813342009027e+03,1.079286836361757014e+04,1.432779127056528767e-01,2.382071603586722631e+03
4.237587160604054588e+03,1.108422371385606311e+04,1.173434708370990481e-01,2.452695381358997565e+03
6.260516572014815210e+03,1.151757648912268451e+04,9.619008282620754302e-02,2.557332794482242662e+03
9.249147277217334704e+03,1.215064953148929271e+04,7.612404437903401433e-02,2.706337139706868584e+03
1.366448349295324442e+04,1.302238451017620901e+04,5.662611868584258024e-02,2.902664981030112358e+03
2.018760254679034915e+04,1.412260241086404494e+04,3.904641547376456329e-02,3.137259323198165475e+03
2.982471286216882072e+04,1.537851162430999648e+04,2.490099908101779322e-02,3.390055999589956173e+03
4.406236427773573087e+04,1.667376900866150390e+04,1.478888977545360708e-02,3.636924850655080263e+03
6.509675230458164151e+04,1.789012909032173411e+04,8.293563494812212361e-03,3.857957005443019625e+03
9.617248711152945179e+04,1.894395222638871928e+04,4.477740743123236576e-03,4.042131290224785516e+03
1.420830832533923676e+05,1.979911488359721625e+04,2.388508186337352790e-03,4.187191232245198989e+03
2.099103720108554407e+05,2.045879852832210963e+04,1.304090310507278463e-03,4.296785228244965765e+03
3.101168926574775251e+05,2.094903010817756876e+04,7.628935471079395210e-04,4.377307581140316870e+03
4.581597669054481667e+05,2.130420904659928419e+04,5.001542910216456340e-04,4.435699085383310376e+03
6.768750009458513232e+05,2.155836970698389996e+04,3.746305628595113148e-04,4.478391927500268139e+03
1.000000000000000000e+06,2.174180005172395977e+04,3.145301244227152260e-04,4.511145234973961124e+03
